Workbook

Sheet Scoring rubric
A1: Axis | B1: Level | C1: Operational label | D1: Rule used for scoring
A2: Validation depth | B2: 1 | C2: Laboratory proof of concept | D2: Material, yarn, swatch or textile tested only on laboratory equipment; no original on-body human test.
A3: Validation depth | B3: 2 | C3: On-body feasibility demonstration | D3: Original on-body signal traces are shown, but there is no predefined quantitative task evaluation, participant protocol or external reference.
A4: Validation depth | B4: 3 | C4: Quantified task-level validation | D4: A defined movement/task, angle, speed, repetition set or recognition output is evaluated quantitatively, but without a structured multi-participant/session design or a valid external reference.
A5: Validation depth | B5: 4 | C5: Structured evaluation | D5: At least one strong design feature is present: a defined participant cohort and protocol, repeated sessions with quantitative analysis, or comparison against an independent reference method.
A6: Validation depth | B6: 5 | C6: Near-deployment validation | D6: Representative intended-use testing combines multiple users and/or sessions, an independent reference, uncertainty/error reporting, and realistic use conditions. Laboratory durability alone cannot earn this level.
A7: Deployment readiness | B7: 1 | C7: Material or sensing element | D7: Sensor exists as a material, fibre/yarn or unsupported swatch; wearable integration is only proposed.
A8: Deployment readiness | B8: 2 | C8: Textile-integrated prototype | D8: Sensor is constructed in or on a textile substrate, but the study does not demonstrate a functional worn system.
A9: Deployment readiness | B9: 3 | C9: On-body prototype | D9: A functional sensor is fixed to the body or used as a body-worn band/patch, but it is not integrated into a complete garment or wearable accessory.
A10: Deployment readiness | B10: 4 | C10: Garment/accessory prototype | D10: A functional sensor is integrated into an actual garment or wearable accessory, such as a glove, sleeve, brace, tracksuit or trousers, and used on body.
A11: Deployment readiness | B11: 5 | C11: Advanced prototype | D11: A garment/accessory-level system is combined with repeated-use evidence and at least one textile-relevant robustness test such as washing, sweat, wet use or abrasion.
A13: Decision rule | D13: Score only evidence reported in the full text; do not infer a higher level from the title, abstract claim or proposed future use.
A14: Boundary rule | D14: A simple waveform from a worn sensor is level 2 validation. Level 3 requires a defined quantitative task, angle, speed, repetition set or recognition output.
A15: Boundary rule | D15: Laboratory cycle testing strengthens durability evidence but does not by itself increase validation depth.
A16: Scope rule | D16: Fan et al. 2024 remains provisional because its measured stimulus and applications are primarily pressure/self-powered switching.

Sheet Independent ratings
A1: No. | B1: PDF | C1: Study | D1: Year | E1: Validation | F1: Validation evidence | G1: PDF page(s) | H1: Readiness | I1: Readiness evidence | J1: PDF page(s) | K1: Scope / uncertainty
A2: 1 | B2: 1.pdf | C2: Tangsirinaruenart & Stylios | D2: 2019 | E2: 1 | F2: All reported evaluation is bench electromechanical testing, including 100 tensile cycles; garment use is discussed as a future application. | G2: pp. 7, 16 | H2: 2 | I2: Conductive thread was stitched directly onto knitted fabric substrates, but no worn prototype was evaluated. | J2: pp. 1, 16 | K2: None
A3: 2 | B3: 2.pdf | C3: Li et al. | D3: 2020 | E3: 4 | F3: Ten participants (5 male, 5 female) completed four activities under a fixed protocol; gait recognition was evaluated quantitatively. | G3: pp. 3, 10-11 | H3: 4 | I3: Ten sensors were knitted directly into elastic sweatpants and evaluated while worn. | J3: pp. 1-3 | K3: None
A4: 3 | B4: 3.pdf | C4: Bi et al. | D4: 2021 | E4: 2 | F4: The study shows signals from several body locations and activities, but no participant protocol, reference measurement or task-level accuracy analysis is reported. | G4: pp. 6-7 | H4: 3 | I4: The fabric sensor was used directly on finger, wrist, elbow, knee, ankle and muscles; it was not integrated into a complete garment. | J4: pp. 6-7 | K4: None
A5: 4 | B5: 4.pdf | C5: Warncke et al. | D5: 2023 | E5: 1 | F5: The ethics statement confirms that no humans were involved; sensors were evaluated using controlled laboratory elongation cycles. | G5: pp. 4, 12 | H5: 2 | I5: The knitted textile sensor was produced and tested as a laboratory specimen, not as a worn system. | J5: pp. 3-5 | K5: None
A6: 5 | B6: 5.pdf | C6: Ko et al. | D6: 2021 | E6: 3 | F6: The glove test used controlled finger angles from 0 to 90 degrees and cyclic finger motion, but no participant cohort or independent reference was reported. | G6: p. 11 | H6: 4 | I6: The sensor was integrated into a functional firefighting glove with readout hardware. | J6: p. 11 | K6: None
A7: 6 | B7: 6.pdf | C7: Tang L. et al. | D7: 2025 | E7: 3 | F7: On-body motion and physiological signals were tested; repeated-word recognition was quantified above 90%, but no participant cohort or independent comparator was reported. | G7: pp. 10-11 | H7: 3 | I7: The fibre sensor was attached to the wrist, abdomen and throat; no garment-integrated sensing system was demonstrated. | J7: pp. 10-11 | K7: None
A8: 7 | B8: 7.pdf | C8: Yang et al. | D8: 2023 | E8: 3 | F8: The study evaluated repeated finger bending, different bending angles and underwater movement, providing a defined task-level test without a structured cohort or external reference. | G8: p. 8 | H8: 3 | I8: The fabric sensor was fixed directly to body locations; no complete garment/accessory prototype was evaluated. | J8: p. 8 | K8: None
A9: 8 | B9: 8.pdf | C9: Park et al. | D9: 2021 | E9: 2 | F9: The sensor produced on-body traces for joints, pulse, breathing and a squat demonstration, but no quantitative task accuracy, participant protocol or independent reference was provided. | G9: pp. 5-7 | H9: 3 | I9: Sensors were attached to the body with sports tape and linked to Bluetooth readout; they were not garment-integrated. | J9: p. 6 | K9: None
A10: 9 | B10: 9.pdf | C10: Zhang et al. | D10: 2026 | E10: 3 | F10: Motion monitoring included controlled joint angles of 30, 60 and 90 degrees, but no structured participant/session protocol or independent comparator was reported. | G10: pp. 7-8 | H10: 3 | I10: The conductive silk textile was applied at several body joints; the sensing demonstration was not a complete garment. | J10: p. 8 | K10: None
A11: 10 | B11: 10.pdf | C11: Zheng et al. | D11: 2020 | E11: 2 | F11: Finger, wrist, elbow and squat traces demonstrate feasibility, but the paper does not report a quantitative human protocol, cohort or external reference. | G11: pp. 9-10 | H11: 3 | I11: The fabric sensors were attached directly to the body at several joints, not integrated into a garment. | J11: p. 9 | K11: None
A12: 11 | B12: 11.pdf | C12: Fan et al. | D12: 2024 | E12: 3 | F12: The running test compares the 3D piezoelectric fabric with a commercial PVDF sensor, but the reported measurement is pressure-responsive rather than tensile-strain calibration; the rating is therefore provisional. | G12: p. 7 | H12: 3 | I12: The 3D piezoelectric fabric and commercial sensor were pasted to volunteers' arms; no garment-level sensing prototype was tested. | J12: p. 7 | K12: None
A13: 12 | B13: 12.pdf | C13: Verma et al. | D13: 2023 | E13: 4 | F13: A dataset from 30 participants at three finger angles was split into training/test sets; KNN achieved 89.82% accuracy, and additional activities were tested. | G13: pp. 5-6 | H13: 3 | I13: The sensor was mounted on the finger, wrist and knee but was not integrated into a complete garment or accessory. | J13: pp. 5-6 | K13: None
... A31: 30 | B31: 30.pdf | C31: Li et al. | D31: 2017 | E31: 1 | F31: The work is an electromechanical study of yarn samples; no original on-body evaluation is reported. | G31: pp. 1, 4-12 | H31: 1 | I31: The sensing element remained a yarn. Incorporation into textiles was described as a future capability, not demonstrated. | J31: pp. 1, 12 | K31: None

Sheet Figure 5 counts
A1: Our Figure 5 distribution | B1: Readiness 1 | C1: Readiness 2 | D1: Readiness 3 | E1: Readiness 4 | F1: Readiness 5 | G1: Row total
A2: Validation 1 | B2: =COUNTIFS('Independent ratings'!$E$2:$E$31,1,'Independent ratings'!$H$2:$H$31,1) -> 1 | C2: =COUNTIFS('Independent ratings'!$E$2:$E$31,1,'Independent ratings'!$H$2:$H$31,2) -> 2 | D2: =COUNTIFS('Independent ratings'!$E$2:$E$31,1,'Independent ratings'!$H$2:$H$31,3) -> 0 | E2: =COUNTIFS('Independent ratings'!$E$2:$E$31,1,'Independent ratings'!$H$2:$H$31,4) -> 0 | F2: =COUNTIFS('Independent ratings'!$E$2:$E$31,1,'Independent ratings'!$H$2:$H$31,5) -> 0 | G2: =SUM(B2:F2) -> 3
A3: Validation 2 | B3: =COUNTIFS('Independent ratings'!$E$2:$E$31,2,'Independent ratings'!$H$2:$H$31,1) -> 0 | C3: =COUNTIFS('Independent ratings'!$E$2:$E$31,2,'Independent ratings'!$H$2:$H$31,2) -> 0 | D3: =COUNTIFS('Independent ratings'!$E$2:$E$31,2,'Independent ratings'!$H$2:$H$31,3) -> 9 | E3: =COUNTIFS('Independent ratings'!$E$2:$E$31,2,'Independent ratings'!$H$2:$H$31,4) -> 2 | F3: =COUNTIFS('Independent ratings'!$E$2:$E$31,2,'Independent ratings'!$H$2:$H$31,5) -> 0 | G3: =SUM(B3:F3) -> 11
A4: Validation 3 | B4: =COUNTIFS('Independent ratings'!$E$2:$E$31,3,'Independent ratings'!$H$2:$H$31,1) -> 0 | C4: =COUNTIFS('Independent ratings'!$E$2:$E$31,3,'Independent ratings'!$H$2:$H$31,2) -> 0 | D4: =COUNTIFS('Independent ratings'!$E$2:$E$31,3,'Independent ratings'!$H$2:$H$31,3) -> 6 | E4: =COUNTIFS('Independent ratings'!$E$2:$E$31,3,'Independent ratings'!$H$2:$H$31,4) -> 3 | F4: =COUNTIFS('Independent ratings'!$E$2:$E$31,3,'Independent ratings'!$H$2:$H$31,5) -> 3 | G4: =SUM(B4:F4) -> 12
A5: Validation 4 | B5: =COUNTIFS('Independent ratings'!$E$2:$E$31,4,'Independent ratings'!$H$2:$H$31,1) -> 0 | C5: =COUNTIFS('Independent ratings'!$E$2:$E$31,4,'Independent ratings'!$H$2:$H$31,2) -> 0 | D5: =COUNTIFS('Independent ratings'!$E$2:$E$31,4,'Independent ratings'!$H$2:$H$31,3) -> 1 | E5: =COUNTIFS('Independent ratings'!$E$2:$E$31,4,'Independent ratings'!$H$2:$H$31,4) -> 2 | F5: =COUNTIFS('Independent ratings'!$E$2:$E$31,4,'Independent ratings'!$H$2:$H$31,5) -> 1 | G5: =SUM(B5:F5) -> 4
A6: Validation 5 | B6: =COUNTIFS('Independent ratings'!$E$2:$E$31,5,'Independent ratings'!$H$2:$H$31,1) -> 0 | C6: =COUNTIFS('Independent ratings'!$E$2:$E$31,5,'Independent ratings'!$H$2:$H$31,2) -> 0 | D6: =COUNTIFS('Independent ratings'!$E$2:$E$31,5,'Independent ratings'!$H$2:$H$31,3) -> 0 | E6: =COUNTIFS('Independent ratings'!$E$2:$E$31,5,'Independent ratings'!$H$2:$H$31,4) -> 0 | F6: =COUNTIFS('Independent ratings'!$E$2:$E$31,5,'Independent ratings'!$H$2:$H$31,5) -> 0 | G6: =SUM(B6:F6) -> 0
A7: Column total | B7: =SUM(B2:B6) -> 1 | C7: =SUM(C2:C6) -> 2 | D7: =SUM(D2:D6) -> 16 | E7: =SUM(E2:E6) -> 7 | F7: =SUM(F2:F6) -> 4 | G7: =SUM(G2:G6) -> 30
